dataset_name,target_col,lookback,horizon,accuracy_winner,accuracy_winner_metric,accuracy_winner_error,accuracy_winner_params,parameter_efficient_2pct_winner,parameter_efficiency_rule,parameter_efficient_error,parameter_efficient_params,parameter_efficient_relative_error_vs_best,parameter_efficient_pareto_optimal,accuracy_tolerance_threshold,within_tolerance_column
ETTh1,OT,96,96,ours,mean_test_mae_scaled,0.21788200239340458,11149.0,ours_direct_head,smallest mean_params within 2.00% of the best mean_test_mae_scaled,0.21912144621213273,10704.0,0.005688601192907372,True,0.22223964244127267,within_2pct_accuracy_tolerance
ETTh1,OT,96,192,dlinear,mean_test_mae_scaled,0.2407122651735941,37248.0,ours_direct_head,smallest mean_params within 2.00% of the best mean_test_mae_scaled,0.24231473108132676,16944.0,0.0066571842800657866,True,0.24552651047706597,within_2pct_accuracy_tolerance
ETTh1,OT,96,336,dlinear,mean_test_mae_scaled,0.25203172365824383,65184.0,dlinear,smallest mean_params within 2.00% of the best mean_test_mae_scaled,0.25203172365824383,65184.0,0.0,True,0.2570723581314087,within_2pct_accuracy_tolerance
ETTh1,OT,96,720,patchtst,mean_test_mae_scaled,0.29299691319465637,10738384.0,ours,smallest mean_params within 2.00% of the best mean_test_mae_scaled,0.29446071386337275,11149.0,0.004995959352458668,True,0.2988568514585495,within_2pct_accuracy_tolerance
ETTm2,OT,384,96,dlinear,mean_test_mae_scaled,0.2177140911420186,73920.0,dlinear,smallest mean_params within 2.00% of the best mean_test_mae_scaled,0.2177140911420186,73920.0,0.0,True,0.22206837296485896,within_2pct_accuracy_tolerance
ETTm2,OT,384,192,dlinear,mean_test_mae_scaled,0.2841114302476247,147840.0,dlinear,smallest mean_params within 2.00% of the best mean_test_mae_scaled,0.2841114302476247,147840.0,0.0,True,0.2897936588525772,within_2pct_accuracy_tolerance
ETTm2,OT,384,336,dlinear,mean_test_mae_scaled,0.32509750127792353,258720.0,dlinear,smallest mean_params within 2.00% of the best mean_test_mae_scaled,0.32509750127792353,258720.0,0.0,True,0.331599451303482,within_2pct_accuracy_tolerance
ETTm2,OT,384,720,dlinear,mean_test_mae_scaled,0.3856106499830882,554400.0,dlinear,smallest mean_params within 2.00% of the best mean_test_mae_scaled,0.3856106499830882,554400.0,0.0,True,0.39332286298275,within_2pct_accuracy_tolerance
