dataset_name,target_col,lookback,horizon,mean_test_mae_winner,mean_test_mae,mean_test_mae_scaled,mean_test_rmse,mean_test_rmse_scaled,mean_params,pareto_optimal,within_2pct_accuracy_tolerance,mae_winner_metric,parameter_efficient_2pct_winner,parameter_efficiency_rule,parameter_efficient_error,parameter_efficient_params,parameter_efficient_relative_error_vs_best,parameter_efficient_pareto_optimal,accuracy_tolerance_threshold,within_tolerance_column
ETTh1,OT,96,96,ours,1.9993923072321949,0.21788200239340458,2.60152749081399,0.2834991582496855,11149.0,True,True,mean_test_mae_scaled,ours_direct_head,smallest mean_params within 2.00% of the best mean_test_mae_scaled,0.21912144621213273,10704.0,0.005688601192907372,True,0.22223964244127267,within_2pct_accuracy_tolerance
ETTh1,OT,96,192,dlinear,2.2088940526821825,0.2407122651735941,2.904467602030815,0.3165117724267845,37248.0,True,True,mean_test_mae_scaled,ours_direct_head,smallest mean_params within 2.00% of the best mean_test_mae_scaled,0.24231473108132676,16944.0,0.0066571842800657866,True,0.24552651047706597,within_2pct_accuracy_tolerance
ETTh1,OT,96,336,dlinear,2.31276664218986,0.25203172365824383,2.9705316683284,0.3237110720377708,65184.0,True,True,mean_test_mae_scaled,dlinear,smallest mean_params within 2.00% of the best mean_test_mae_scaled,0.25203172365824383,65184.0,0.0,True,0.2570723581314087,within_2pct_accuracy_tolerance
ETTh1,OT,96,720,patchtst,2.6886833365481557,0.29299691319465637,3.4157799172024816,0.3722315615222081,10738384.0,True,True,mean_test_mae_scaled,ours,smallest mean_params within 2.00% of the best mean_test_mae_scaled,0.29446071386337275,11149.0,0.004995959352458668,True,0.2988568514585495,within_2pct_accuracy_tolerance
ETTm2,OT,384,96,dlinear,2.521291729678056,0.2177140911420186,3.5770018966432975,0.3088749367183215,73920.0,True,True,mean_test_mae_scaled,dlinear,smallest mean_params within 2.00% of the best mean_test_mae_scaled,0.2177140911420186,73920.0,0.0,True,0.22206837296485896,within_2pct_accuracy_tolerance
ETTm2,OT,384,192,dlinear,3.2902225578143187,0.2841114302476247,4.487082990328292,0.3874607198909461,147840.0,True,True,mean_test_mae_scaled,dlinear,smallest mean_params within 2.00% of the best mean_test_mae_scaled,0.2841114302476247,147840.0,0.0,True,0.2897936588525772,within_2pct_accuracy_tolerance
ETTm2,OT,384,336,dlinear,3.7648727133491,0.32509750127792353,5.080431601502072,0.43869641541057486,258720.0,True,True,mean_test_mae_scaled,dlinear,smallest mean_params within 2.00% of the best mean_test_mae_scaled,0.32509750127792353,258720.0,0.0,True,0.331599451303482,within_2pct_accuracy_tolerance
ETTm2,OT,384,720,dlinear,4.465658559362285,0.3856106499830882,5.839744633609395,0.5042632201218549,554400.0,True,True,mean_test_mae_scaled,dlinear,smallest mean_params within 2.00% of the best mean_test_mae_scaled,0.3856106499830882,554400.0,0.0,True,0.39332286298275,within_2pct_accuracy_tolerance
